{
    "model": "wmom",
    "weight": {
        "fwhm": 1.2
    },
    "metacal": {
        "psf": "fitgauss",
        "step": 0.01,
        "fixnoise": true,
        "use_noise_image": true,
        "types": [
            "noshear",
            "1p",
            "1m",
            "2p",
            "2m"
        ]
    },
    "sx": {
        "detect_thresh": 1.5,
        "deblend_cont": 0.005,
        "deblend_nthresh": 32,
        "minarea": 4,
        "filter_type": "conv",
        "filter_kernel": [
            [
                0.004963,
                0.021388,
                0.051328,
                0.068707,
                0.051328,
                0.021388,
                0.004963
            ],
            [
                0.021388,
                0.092163,
                0.221178,
                0.296069,
                0.221178,
                0.092163,
                0.021388
            ],
            [
                0.051328,
                0.221178,
                0.530797,
                0.710525,
                0.530797,
                0.221178,
                0.051328
            ],
            [
                0.068707,
                0.296069,
                0.710525,
                0.951108,
                0.710525,
                0.296069,
                0.068707
            ],
            [
                0.051328,
                0.221178,
                0.530797,
                0.710525,
                0.530797,
                0.221178,
                0.051328
            ],
            [
                0.021388,
                0.092163,
                0.221178,
                0.296069,
                0.221178,
                0.092163,
                0.021388
            ],
            [
                0.004963,
                0.021388,
                0.051328,
                0.068707,
                0.051328,
                0.021388,
                0.004963
            ]
        ]
    },
    "meds": {
        "min_box_size": 32,
        "max_box_size": 32,
        "box_type": "iso_radius",
        "rad_min": 4,
        "rad_fac": 2,
        "box_padding": 2
    },
    "bmask_flags": 1073741824,
    "nodet_flags": 1
}