label,rms_VIS,lam_VIS,diam_VIS,obscuration_VIS,rms_NISP_Y,lam_NISP_Y,diam_NISP_Y,obscuration_NISP_Y,rms_NISP_J,lam_NISP_J,diam_NISP_J,obscuration_NISP_J,rms_NISP_H,lam_NISP_H,diam_NISP_H,obscuration_NISP_H,rms_MEGACAM_u,InputSeeing_MEGACAM_u,InputBeta_MEGACAM_u,rms_HSC_g,InputSeeing_HSC_g,InputBeta_HSC_g,rms_MEGACAM_r,InputSeeing_MEGACAM_r,InputBeta_MEGACAM_r,rms_PANSTARRS_i,InputSeeing_PANSTARRS_i,InputBeta_PANSTARRS_i,rms_HSC_z,InputSeeing_HSC_z,InputBeta_HSC_z,rms_LSST_u,InputSeeing_LSST_u,InputBeta_LSST_u,rms_LSST_g,InputSeeing_LSST_g,InputBeta_LSST_g,rms_LSST_r,InputSeeing_LSST_r,InputBeta_LSST_r,rms_LSST_i,InputSeeing_LSST_i,InputBeta_LSST_i,rms_LSST_z,InputSeeing_LSST_z,InputBeta_LSST_z,rms_LSST_y,InputSeeing_LSST_y,InputBeta_LSST_y,rms_DECAM_g,InputSeeing_DECAM_g,InputBeta_DECAM_g,rms_DECAM_r,InputSeeing_DECAM_r,InputBeta_DECAM_r,rms_DECAM_i,InputSeeing_DECAM_i,InputBeta_DECAM_i,rms_DECAM_z,InputSeeing_DECAM_z,InputBeta_DECAM_z
0.0_0.0,0.5923957302880009,800,1.2,0.3,8.059912217819576,1080.9,1.2,0.3,7.031488099006865,1367.3,1.2,0.3,7.1733033556942125,1771.4,1.2,0.3,3.40609230511203,1.0087235569953918,2.07902617514544,0.7459070125987095,0.8047828674316406,2.08618862614305,2.1511235196033653,0.8593238890171051,2.22406805360007,5.728947158675654,1.2852153182029724,2.45832751984934,3.4974395061331722,0.6404019594192505,2.69062358192758,1.0604374457820827,0.81,2.07902617514544,0.34157419617169843,0.77,2.08618862614305,0.31151936935287144,0.73,2.22406805360007,0.615864335517419,0.71,2.45832751984934,1.2867229733275387,0.69,2.69062358192758,3.9947081441090404,0.68,2.81141415214681,1.7426876527135984,1.2655173540115354,2.08618862614305,2.3346423692252967,1.122026205062866,2.22406805360007,4.154375058328778,1.072356164455414,2.45832751984934,7.76898528773244,1.0454573035240173,2.69062358192758
